{
  "personal_info": {
    "username": "tester",
    "email": "alphaameeradeigbe@gmail.com",
    "first_name": "Ade",
    "last_name": "Ade",
    "phone_number": "+123456789",
    "date_of_birth": "2001-12-18",
    "nationality": "Nigerian",
    "preferred_language": "eng",
    "date_joined": "2024-12-17T15:42:25.650907+00:00"
  },
  "contact_info": {
    "address": "jskw",
    "city": "ade",
    "country": "ade",
    "postal_code": "112112"
  },
  "professional_info": {
    "occupation": "software engr",
    "company": "self employed"
  },
  "account_info": {
    "account_status": "pending_verification",
    "two_factor_enabled": false,
    "last_login": "2024-12-17T15:42:30.578060+00:00",
    "last_login_ip": null
  },
  "preferences": {
    "email_marketing": false,
    "consent_date": "2024-12-17",
    "last_updated": "2024-12-17 15:42:42.629329+00:00",
    "sms_marketing": false
  },
  "social_profiles": null,
  "device_info": {
    "last_login_device": null,
    "known_devices": []
  }
}